word,n_gram_score,pos,frequency,wordCount,match_count,volume_count,source
PCB,2,NNP,77,7140,284675,25571,1
parts,2,NNS,37,7140,44475653,2829856,1
partition,2,NN,34,7140,2649459,533247,1
pooling,2,VBG,24,7140,519592,192779,1
column,2,NN,23,7140,15425069,1491744,1
DBLP,2,NNP,22,7140,454,106,1
features,2,NNS,22,7140,22880217,2271522,1
learning,2,VBG,22,7140,29998484,2182731,1
methods,2,NNS,21,7140,33865257,2192294,1
network,2,NN,18,7140,17361466,1196163,1
uniform,2,JJ,18,7140,10653307,1813161,1
Fig,2,NNP,17,7140,41621741,443547,1
accuracy,2,NN,17,7140,7649950,1485528,1
refined,2,VBD,17,7140,3400937,1180973,1
RPP,2,NNP,16,7140,28107,3478,1
column vectors,10,NNS,16,7140,42879,12744,1
images,2,NNS,16,7140,13861248,1429442,1
layer,2,NN,16,7140,13360448,1014655,1
performance,2,NN,16,7140,32078097,2004483,1
training,2,VBG,16,7140,30107622,2015527,1
vectors,2,NNS,16,7140,2851855,189336,1
attention,2,NN,15,7140,45082788,2866591,1
training,2,NN,15,7140,30107622,2015527,1
mechanism,2,NN,14,7140,10936558,1211722,1
model,2,NN,14,7140,41672078,2101885,1
Variant,2,NNP,13,7140,2031423,515961,1
uniform partition,10,NN,13,7140,971,462,1
vector,2,NN,13,7140,7387436,250115,1
datasets,2,NNS,12,7140,109516,17461,1
descriptor,2,NN,12,7140,339256,48801,1
image,2,NN,12,7140,27762751,1997186,1
induction,2,NN,12,7140,3586706,425641,1
mAP,2,NN,12,7140,11842787,1459655,1
rate,2,NN,12,7140,59288392,2435202,1
respectively,2,RB,12,7140,12303034,1484142,1
IDE,2,NNP,11,7140,229277,25407,1
attention mechanism,10,NN,11,7140,1671,888,1
convolutional,2,JJ,11,7140,46508,4661,1
deep,2,JJ,11,7140,36516236,2690118,1
discriminative,2,JJ,11,7140,162638,46560,1
size,2,NN,11,7140,43541256,2647336,1
PAR,2,NNP,10,7140,6276258,1021666,1
Section,2,NNP,10,7140,46534382,2407259,1
classifier,2,JJR,10,7140,209574,24754,1
classifier,2,NN,10,7140,209574,24754,1
compared,2,VBN,10,7140,21203215,2408323,1
feature,2,NN,10,7140,13118389,1939325,1
original,2,JJ,10,7140,39430833,2761837,1
pose,2,JJ,10,7140,2714005,1065903,1
spatial,2,JJ,10,7140,4291262,439383,1
within-part,2,JJ,10,7140,1,1,1
ability,2,NN,9,7140,29089791,2414779,1
backbone,2,NN,9,7140,1074578,478532,1
column vector,10,NN,9,7140,81798,19574,1
deep learning,10,VBG,9,7140,15099,10980,1
input,2,NN,9,7140,12507890,680178,1
outliers,2,NNS,9,7140,186477,44698,1
paper,2,NN,9,7140,43282488,2762904,1
parameters,2,NNS,9,7140,8330729,589339,1
DukeMTMC-reID,2,NNP,8,7140,1,1,1
down-sampling,2,JJ,8,7140,1,1,1
global,2,JJ,8,7140,9039497,745054,1
layers,2,NNS,8,7140,6745873,979691,1
method,2,NN,8,7140,50665684,2393910,1
part-level,2,JJ,8,7140,1,1,1
refined,2,VBN,8,7140,3400937,1180973,1
similar,2,JJ,8,7140,53743968,2777375,1
using,2,VBG,8,7140,62112299,2792556,1
consistency,2,NN,7,7140,3566152,1010480,1
discriminative ability,10,NN,7,7140,2602,1707,1
estimation,2,NN,7,7140,3203717,757958,1
improvement,2,NN,7,7140,11819110,1709284,1
learned,2,VBD,7,7140,28613178,2572488,1
learning methods,10,NNS,7,7140,29948,14352,1
pedestrian,2,JJ,7,7140,701020,276014,1
procedure,2,NN,7,7140,20062942,1651561,1
results,2,NNS,7,7140,55717697,2569241,1
retrieval,2,NN,7,7140,1981566,871205,1
structure,2,NN,7,7140,42751168,2245347,1
convolutional descriptor,10,NN,6,7140,1,1,1
down-sampling rate,10,JJ,6,7140,1,1,1
horizontal,2,JJ,6,7140,8364095,965827,1
inconsistency,2,NN,6,7140,1040836,495888,1
learning,2,NN,6,7140,29998484,2182731,1
learns,2,VBZ,6,7140,2302410,835656,1
mAP,2,JJ,6,7140,11842787,1459655,1
part-level features,10,NNS,6,7140,1,1,1
pose,2,VBP,6,7140,2714005,1065903,1
pose estimation,10,NN,6,7140,2198,432,1
proposed,2,VBD,6,7140,20851926,2023725,1
re-ID,2,JJ,6,7140,1,1,1
refined parts,10,NNS,6,7140,782,728,1
tensor,2,NN,6,7140,898624,54498,1
Baseline,2,NNP,5,7140,1669593,242637,1
Convolutional,2,NNP,5,7140,46508,4661,1
Convolutional Baseline,10,NNP,5,7140,1,1,1
Step,2,NNP,5,7140,31093371,2773250,1
average pooling,10,VBG,5,7140,1,1,1
backbone network,10,NN,5,7140,13647,4236,1
classification,2,NN,5,7140,7685180,1022951,1
cues,2,NNS,5,7140,1670859,297206,1
employs,2,VBZ,5,7140,1903056,770683,1
final,2,JJ,5,7140,31861942,2718753,1
focus,2,NN,5,7140,18165462,1722746,1
fully-connected,2,JJ,5,7140,1,1,1
identity,2,NN,5,7140,15454661,1616652,1
illustrated,2,VBD,5,7140,10049875,1642647,1
increases,2,NNS,5,7140,16362925,1575324,1
information,2,NN,5,7140,87865608,2876169,1
larger,2,JJR,5,7140,31888331,2727520,1
layer,2,JJ,5,7140,13360448,1014655,1
learning discriminative,10,JJ,5,7140,1,1,1
loss,2,NN,5,7140,37661378,2603383,1
part-informed,2,JJ,5,7140,1,1,1
partitioned,2,VBD,5,7140,442055,202435,1
proposed,2,VBN,5,7140,20851926,2023725,1
sharing,2,VBG,5,7140,6441479,1583132,1
stripes,2,NNS,5,7140,1399521,527200,1
training images,10,NNS,5,7140,3116,624,1
training procedure,10,NN,5,7140,18904,9799,1
uniform partition,10,JJ,5,7140,971,462,1
Comparison,2,NNP,4,7140,14568027,2097098,1
IDE model,10,NNP,4,7140,1,1,1
Refined,2,VBD,4,7140,3400937,1180973,1
Softmax,2,NNP,4,7140,1096,245,1
achieved,2,VBD,4,7140,12266754,1870248,1
achieves,2,VBZ,4,7140,905801,467303,1
average,2,JJ,4,7140,34177842,2221505,1
compare,2,NN,4,7140,8055680,1855809,1
consistent,2,JJ,4,7140,11460669,1738704,1
convergence,2,NN,4,7140,2177535,359597,1
dataset,2,NN,4,7140,224412,23079,1
details,2,NNS,4,7140,17468671,2364079,1
dimension,2,NN,4,7140,5889768,982646,1
employing,2,VBG,4,7140,2815527,1011523,1
equally,2,RB,4,7140,17165613,2398016,1
equally partitioned,10,VBD,4,7140,512,464,1
especially,2,RB,4,7140,58999097,2908927,1
follows,2,VBZ,4,7140,32209213,2493640,1
hand-crafted,2,JJ,4,7140,18380,13755,1
higher,2,JJR,4,7140,47063574,2785002,1
horizontal stripes,10,NNS,4,7140,24471,14740,1
identities,2,NNS,4,7140,2200695,468047,1
input,2,VBP,4,7140,12507890,680178,1
observed,2,VBD,4,7140,30566709,2322066,1
operation,2,NN,4,7140,28773135,2120297,1
part-informed features,10,NNS,4,7140,1,1,1
pieces,2,NNS,4,7140,17517133,2284723,1
pooling,2,NN,4,7140,519592,192779,1
pre-trained,2,JJ,4,7140,1,1,1
probability,2,NN,4,7140,12259776,1275433,1
retrieval,2,JJ,4,7140,1981566,871205,1
sampling,2,VBG,4,7140,4521324,546628,1
semantic,2,JJ,4,7140,1858280,213708,1
significantly,2,RB,4,7140,9268404,1248827,1
single,2,JJ,4,7140,56610567,2967310,1
strategies,2,NNS,4,7140,9125204,748224,1
strategy,2,NN,4,7140,13203018,1180383,1
tensor,2,JJ,4,7140,898624,54498,1
trainable,2,JJ,4,7140,43435,20072,1
trained,2,VBD,4,7140,9477273,1858460,1
within-part consistency,10,NN,4,7140,1,1,1
works,2,NNS,4,7140,39630205,2710158,1
Alg,2,NNP,3,7140,41770,8312,1
ChenPerson,2,NNP,3,7140,1,1,1
Deeply-learned,2,JJ,3,7140,1,1,1
GAP,2,NNP,3,7140,6218535,1365676,1
Group,2,NNP,3,7140,88728944,2724141,1
Part-based,2,JJ,3,7140,1,1,1
Part-based Convolutional,10,JJ,3,7140,1,1,1
University,2,NNP,3,7140,80244042,2388400,1
achieves,2,NNS,3,7140,905801,467303,1
activations,2,NNS,3,7140,48361,13663,1
append,2,JJ,3,7140,240464,110676,1
appended,2,VBD,3,7140,768016,384674,1
backbone network,10,VBP,3,7140,13647,4236,1
baseline,2,NN,3,7140,1669593,242637,1
belonging,2,VBG,3,7140,6882110,1554073,1
benefits,2,NNS,3,7140,16964979,1600193,1
classifier,2,RBR,3,7140,209574,24754,1
classifiers,2,NNS,3,7140,114592,18749,1
closest,2,JJS,3,7140,3286648,1327428,1
color,2,NN,3,7140,30567505,2040450,1
combination,2,NN,3,7140,16015088,2189234,1
commonly,2,RB,3,7140,14214284,1827585,1
compared methods,10,NNS,3,7140,549,512,1
competitive,2,JJ,3,7140,6961658,928697,1
conduct,2,NN,3,7140,19915090,1939480,1
considerably,2,RB,3,7140,7987611,1709109,1
contributions,2,NNS,3,7140,8253876,1429087,1
deep features,10,NNS,3,7140,872,560,1
denoted,2,VBD,3,7140,1811713,392215,1
directly,2,RB,3,7140,32373087,2728100,1
evaluation,2,NN,3,7140,12238551,1010220,1
exactly,2,RB,3,7140,20566476,2525051,1
exist,2,VBP,3,7140,20669986,2397507,1
experiment,2,JJ,3,7140,12183574,1602570,1
external,2,JJ,3,7140,18214626,1613895,1
features,2,VBZ,3,7140,22880217,2271522,1
final descriptor,10,NN,3,7140,90,69,1
group,2,NN,3,7140,88728944,2724141,1
groups,2,NNS,3,7140,50870752,2374347,1
implying,2,VBG,3,7140,1315583,657435,1
improves,2,VBZ,3,7140,1425352,566948,1
increase,2,NN,3,7140,45587947,2436533,1
instance,2,NN,3,7140,26812935,2310666,1
labeling,2,VBG,3,7140,1354742,336908,1
learned,2,VBN,3,7140,28613178,2572488,1
learning rate,10,JJ,3,7140,30465,8422,1
losses,2,NNS,3,7140,8582439,1219019,1
motivation,2,NN,3,7140,4669389,833048,1
net,2,JJ,3,7140,14685997,1581480,1
offers,2,NNS,3,7140,12782231,2023649,1
output,2,NN,3,7140,19224707,886429,1
outputs,2,VBZ,3,7140,1560279,211153,1
partition strategies,10,NNS,3,7140,69,53,1
partitions,2,NNS,3,7140,846464,241436,1
phenomenon,2,NN,3,7140,8570206,1436032,1
pose,2,NN,3,7140,2714005,1065903,1
potential,2,JJ,3,7140,28939732,1789089,1
prediction,2,NN,3,7140,3271479,747065,1
problem,2,NN,3,7140,67009534,2603932,1
progress,2,NN,3,7140,22145478,2404918,1
re-ranking,2,JJ,3,7140,1,1,1
recent,2,JJ,3,7140,26677458,2458978,1
refine,2,NN,3,7140,686397,405179,1
reinforce,2,NN,3,7140,2049944,755230,1
report,2,NN,3,7140,35915913,2388859,1
requires,2,VBZ,3,7140,22053407,2165860,1
requiring,2,VBG,3,7140,6728494,1482817,1
retrieval,2,VBP,3,7140,1981566,871205,1
sampled,2,VBD,3,7140,1012480,278495,1
setting,2,VBG,3,7140,19781424,2516900,1
shown,2,VBN,3,7140,57674809,2755286,1
simple,2,JJ,3,7140,43336819,2890336,1
standard,2,JJ,3,7140,32393249,2321502,1
state-of-the-art,2,JJ,3,7140,1,1,1
state-of-the-art methods,10,NNS,3,7140,1,1,1
stripe,2,NN,3,7140,818362,263332,1
structures,2,NNS,3,7140,15573961,1388777,1
suggests,2,VBZ,3,7140,15595407,1774479,1
superior,2,JJ,3,7140,14228595,1993958,1
superiority,2,NN,3,7140,3742100,1075298,1
testing,2,VBG,3,7140,11744435,1352477,1
variants,2,NNS,3,7140,1458811,367703,1
w/o induction,10,NN,3,7140,66,52,1
within-part inconsistency,10,NN,3,7140,1,1,1
works,2,VBZ,3,7140,39630205,2710158,1
CPM,2,NNP,2,7140,191255,22192,1
CPM pose,10,NNP,2,7140,1,1,1
ChenPerson multiscale,10,NNP,2,7140,1,1,1
Comparisons,2,NNP,2,7140,3281242,900477,1
DeeperCut,2,NNP,2,7140,1,1,1
Finally,2,RB,2,7140,30122661,2675215,1
GLAD,2,NNP,2,7140,12341812,1639977,1
IDE&,2,NNP,2,7140,1,1,1
Impact,2,NNP,2,7140,17091446,1538826,1
Induced,2,NNP,2,7140,10661031,1350730,1
Instead,2,RB,2,7140,32660820,2863664,1
Models,2,NNP,2,7140,16311423,1448535,1
MultiScale,2,NNP,2,7140,22761,4359,1
MultiScale ChenPerson,10,NNP,2,7140,1,1,1
PCB employs,10,NNP,2,7140,1,1,1
PCB model,10,NNP,2,7140,144,85,1
PDC,2,NNP,2,7140,98261,10678,1
Parameters,2,NNP,2,7140,8330729,589339,1
Performance,2,NNP,2,7140,32078097,2004483,1
Pooling,2,NNP,2,7140,519592,192779,1
Refined,2,VBN,2,7140,3400937,1180973,1
Specifically,2,NNP,2,7140,9567670,1632684,1
Structure,2,NNP,2,7140,42751168,2245347,1
Third,2,NNP,2,7140,48584270,2965786,1
Training,2,NNP,2,7140,30107622,2015527,1
Uniform,2,NNP,2,7140,10653307,1813161,1
Uniform partition,10,NNP,2,7140,971,462,1
Visualization,2,NNP,2,7140,853036,179803,1
Zhao,2,NNP,2,7140,301740,41125,1
according,2,VBG,2,7140,41410661,2724312,1
accuracy,2,VBP,2,7140,7649950,1485528,1
achieve,2,VBP,2,7140,12238610,1772650,1
adaptive,2,JJ,2,7140,2067367,277159,1
adopts,2,VBZ,2,7140,858225,444149,1
aims,2,NNS,2,7140,4346238,1113308,1
algorithms,2,NN,2,7140,1760779,132997,1
alternative,2,JJ,2,7140,14625398,1764126,1
alternative structures,10,NNS,2,7140,11703,9026,1
applied,2,VBD,2,7140,29741479,2426247,1
approaches,2,VBZ,2,7140,10368654,1627492,1
architecture,2,NN,2,7140,7278247,927612,1
assign,2,JJ,2,7140,2977015,938533,1
auxiliary,2,JJ,2,7140,2196981,553147,1
averages,2,NNS,2,7140,1662782,497669,1
backbone,2,JJ,2,7140,1074578,478532,1
backbone,2,VBP,2,7140,1074578,478532,1
backbone model,10,NN,2,7140,211,132,1
base learning,10,VBG,2,7140,557,412,1
based,2,VBN,2,7140,59855171,2511024,1
baseline,2,VBP,2,7140,1669593,242637,1
becomes,2,VBZ,2,7140,34850477,2602772,1
beneficial,2,JJ,2,7140,4365957,1129456,1
benefit,2,VBP,2,7140,19042158,2195812,1
camera,2,NN,2,7140,6758774,784870,1
challenging,2,VBG,2,7140,3010843,1014416,1
closest,2,NN,2,7140,3286648,1327428,1
closest,2,VBP,2,7140,3286648,1327428,1
community,2,NN,2,7140,45487929,2100655,1
compare,2,JJ,2,7140,8055680,1855809,1
compare,2,VBP,2,7140,8055680,1855809,1
compare PCB,10,NN,2,7140,1,1,1
comparison,2,NN,2,7140,14568027,2097098,1
compromises,2,NNS,2,7140,763629,409865,1
computation,2,NN,2,7140,2472103,417111,1
computation cost,10,NN,2,7140,2662,1648,1
concatenated,2,VBD,2,7140,73874,28781,1
concise,2,NN,2,7140,1147155,592323,1
conducts,2,NNS,2,7140,891460,439218,1
contains,2,VBZ,2,7140,23078500,2153034,1
contents,2,NNS,2,7140,9140933,1708485,1
conventional,2,JJ,2,7140,8651519,1362952,1
convolutional layer,10,NN,2,7140,1,1,1
corresponding,2,VBG,2,7140,15060906,1586620,1
cost,2,NN,2,7140,48045369,2423556,1
dataset contains,10,NNS,2,7140,2144,1243,1
deep,2,VBP,2,7140,36516236,2690118,1
denotes,2,VBZ,2,7140,2496710,523861,1
detailed,2,JJ,2,7140,12203155,1955898,1
detailed,2,VBN,2,7140,12203155,1955898,1
detection,2,NN,2,7140,4651437,628642,1
dimension-reduced,2,JJ,2,7140,1,1,1
dimension-reduced column,10,JJ,2,7140,1,1,1
down-sample,2,JJ,2,7140,1,1,1
down-sampling rates,10,NNS,2,7140,1,1,1
dramatically,2,RB,2,7140,2973677,989819,1
dropout,2,IN,2,7140,309454,109232,1
drops,2,NNS,2,7140,5466531,1377857,1
drops dramatically,10,RB,2,7140,6819,6543,1
edu,2,NN,2,7140,172726,83059,1
effective,2,JJ,2,7140,30469731,2171823,1
emphasis,2,NN,2,7140,12845559,1781976,1
employ,2,RB,2,7140,6323153,1581949,1
empty,2,JJ,2,7140,13268383,2124289,1
enhanced,2,VBD,2,7140,4122248,1113051,1
epochs,2,NNS,2,7140,506699,223218,1
example,2,NN,2,7140,100980446,2827544,1
experiment,2,NN,2,7140,12183574,1602570,1
experimentally,2,RB,2,7140,1406734,351998,1
explicit,2,JJ,2,7140,5346517,1100765,1
external cues,10,NNS,2,7140,19269,10381,1
feature,2,VBP,2,7140,13118389,1939325,1
fine-grained,2,JJ,2,7140,330946,84934,1
fine-tuned,2,JJ,2,7140,49301,41429,1
firstly,2,RB,2,7140,326511,146319,1
fixed,2,VBD,2,7140,23349320,2407200,1
gallery images,10,NNS,2,7140,621,290,1
global average,10,NN,2,7140,14402,7067,1
global descriptor,10,NN,2,7140,1648,401,1
global feature,10,NN,2,7140,1090,796,1
granularity,2,NN,2,7140,112897,27589,1
halved,2,VBD,2,7140,279226,136907,1
halved down-sampling,10,JJ,2,7140,1,1,1
hand-crafted algorithms,10,JJ,2,7140,1,1,1
hand-crafted methods,10,NNS,2,7140,1,1,1
higher,2,RBR,2,7140,47063574,2785002,1
higher accuracy,10,NN,2,7140,17669,12889,1
hourglass,2,NN,2,7140,124256,73266,1
hourglass pose,10,NN,2,7140,1,1,1
image size,10,JJ,2,7140,50300,17397,1
implemented,2,VBN,2,7140,3587253,617270,1
implies,2,NNS,2,7140,7638691,1388207,1
important,2,JJ,2,7140,106469653,3081755,1
improved,2,VBN,2,7140,11002403,1916737,1
improves PCB,10,NN,2,7140,1,1,1
increases,2,VBZ,2,7140,16362925,1575324,1
indicates,2,VBZ,2,7140,13141079,1804463,1
induced training,10,VBG,2,7140,61,59,1
induces,2,NNS,2,7140,1278631,429138,1
induction,2,JJ,2,7140,3586706,425641,1
induction procedure,10,NN,2,7140,6767,2626,1
inferior,2,JJ,2,7140,7415498,1355371,1
inherently,2,RB,2,7140,1512871,593353,1
input image,10,NN,2,7140,23653,3780,1
insights,2,NNS,2,7140,2805240,775412,1
instead,2,RB,2,7140,32660820,2863664,1
introduced,2,VBD,2,7140,19755926,2424139,1
knowledge,2,NN,2,7140,56469298,2804972,1
latest,2,JJS,2,7140,5930018,1720850,1
learned feature,10,NN,2,7140,154,116,1
learning part-informed,10,JJ,2,7140,1,1,1
learning part-level,10,JJ,2,7140,1,1,1
learns,2,NNS,2,7140,2302410,835656,1
located,2,VBN,2,7140,16847113,1830903,1
lower,2,JJR,2,7140,46727379,2753836,1
mainly,2,RB,2,7140,11217929,1729283,1
maintained,2,VBD,2,7140,13632618,2073712,1
makes,2,VBZ,2,7140,46892647,2996455,1
manipulation,2,NN,2,7140,2786589,801258,1
margin,2,NN,2,7140,7043798,1075801,1
matches,2,NNS,2,7140,2292239,867661,1
mechanisms,2,NNS,2,7140,7445839,764035,1
method,2,VBP,2,7140,50665684,2393910,1
methods employing,10,VBG,2,7140,6570,5681,1
models,2,NNS,2,7140,16311423,1448535,1
modifications,2,NNS,2,7140,3272013,918723,1
multiscale,2,NN,2,7140,22761,4359,1
named,2,VBN,2,7140,22962204,2391753,1
named Part-based,10,JJ,2,7140,1,1,1
network learns,10,NNS,2,7140,2058,1214,1
observe,2,VBP,2,7140,9631113,1925883,1
omitted,2,VBD,2,7140,4702561,1212443,1
optimization,2,NN,2,7140,1181685,128908,1
optimized,2,VBD,2,7140,478977,120862,1
otherwise,2,RB,2,7140,22833177,2668927,1
overall,2,JJ,2,7140,11141854,1288691,1
painted,2,VBN,2,7140,9041389,1531564,1
partition,2,VBP,2,7140,2649459,533247,1
partition strategy,10,NN,2,7140,256,167,1
parts learned,10,VBD,2,7140,298,262,1
pedestrians,2,NNS,2,7140,394979,201663,1
performance drops,10,NNS,2,7140,2466,2210,1
pooling layer,10,NN,2,7140,1,1,1
pose DeeperCut,10,NN,2,7140,1,1,1
pose hourglass,10,NN,2,7140,1,1,1
potential alternative,10,JJ,2,7140,9258,8309,1
pre-trained layers,10,NNS,2,7140,1,1,1
predicted probability,10,NN,2,7140,8699,3150,1
predicts,2,NNS,2,7140,884525,338751,1
prior,2,RB,2,7140,18300218,1960763,1
process,2,NN,2,7140,82831195,2651532,1
prone,2,NN,2,7140,2588842,990954,1
propose,2,RB,2,7140,3996270,1243122,1
propose,2,VBP,2,7140,3996270,1243122,1
proposed method,10,NN,2,7140,61416,27124,1
proposed refined,10,VBD,2,7140,1,1,1
proposed refined,10,VBN,2,7140,1,1,1
protocol,2,NN,2,7140,3270896,381381,1
proving,2,VBG,2,7140,2486767,1053341,1
rates,2,NNS,2,7140,24187759,1355106,1
rectangle,2,NN,2,7140,1651041,298233,1
refine,2,VBP,2,7140,686397,405179,1
reinforce within-part,10,JJ,2,7140,1,1,1
relatively,2,RB,2,7140,22273945,1852838,1
remain,2,VBP,2,7140,27448130,2752920,1
remains,2,VBZ,2,7140,24742775,2596274,1
respective,2,JJ,2,7140,6326421,1459054,1
retrieval accuracy,10,NN,2,7140,824,334,1
sampling operation,10,NN,2,7140,4327,2257,1
section,2,NN,2,7140,46534382,2407259,1
semantic parts,10,NNS,2,7140,264,220,1
share,2,NN,2,7140,26977157,2581202,1
sharing parameters,10,NNS,2,7140,182,149,1
shows,2,VBZ,2,7140,39234520,2727304,1
similar column,10,NN,2,7140,2882,2677,1
single-query,2,JJ,2,7140,1,1,1
slight modifications,10,NNS,2,7140,73431,63261,1
slightly,2,RB,2,7140,19195690,2332156,1
spatial down-sampling,10,JJ,2,7140,1,1,1
spatial size,10,NN,2,7140,1453,1085,1
spatially,2,RB,2,7140,443496,148503,1
stable,2,JJ,2,7140,10414146,1680764,1
standard PCB,10,NN,2,7140,165,117,1
step,2,NN,2,7140,31093371,2773250,1
stripe,2,VBP,2,7140,818362,263332,1
surpassing,2,VBG,2,7140,567765,351952,1
tensor,2,VBP,2,7140,898624,54498,1
tools,2,NNS,2,7140,11917544,1688326,1
training/testing,2,VBG,2,7140,30107622,2015527,1
trains,2,VBZ,2,7140,3370098,872558,1
underlying,2,VBG,2,7140,8356828,1324785,1
vary,2,JJ,2,7140,10505013,1627765,1
viewed,2,VBD,2,7140,8601168,1644099,1
vital,2,NN,2,7140,9351090,1801372,1
w/o,2,NN,2,7140,28905543,2021111,1
within-part inconsistency,10,JJ,2,7140,1,1,1
yields,2,NNS,2,7140,5831329,995128,1
Ablation,2,NNP,1,7140,396108,44428,1
Ablation study,10,NNP,1,7140,217,173,1
According,2,VBG,1,7140,41410661,2724312,1
Afterwards,2,NNP,1,7140,11474424,1294588,1
Alternative,2,NNP,1,7140,14625398,1764126,1
Alternative Structures,10,NNP,1,7140,11703,9026,1
Analysis,2,NNP,1,7140,44572547,1899159,1
Antonio,2,NNP,1,7140,4828461,554569,1
Attention,2,NNP,1,7140,45082788,2866591,1
Attention Mechanism,10,NNP,1,7140,1671,888,1
Author,2,NNP,1,7140,30776539,2516499,1
Based,2,VBN,1,7140,59855171,2511024,1
Baseline Yifan,10,NNP,1,7140,1,1,1
Batch,2,NNP,1,7140,1725234,422913,1
Batch Normalization,10,NNP,1,7140,1,1,1
Beyond,2,NN,1,7140,39149767,2870669,1
Cheng,2,NNP,1,7140,606609,105426,1
Classifier,2,NNP,1,7140,209574,24754,1
Comparing,2,NNP,1,7140,3995790,1313101,1
Comparing PCB,10,NNP,1,7140,1,1,1
Conclusion,2,NNP,1,7140,15583270,2160555,1
Correspondingly,2,NNP,1,7140,941319,472225,1
Cross-Entropy,2,JJ,1,7140,1,1,1
Cross-Entropy,2,NNP,1,7140,1,1,1
Cross-Entropy loss,10,NNP,1,7140,1,1,1
Cross-Entropy losses,10,NNP,1,7140,1,1,1
DML,2,NNP,1,7140,50173,4346,1
DPL,2,NNP,1,7140,28594,3922,1
DPM,2,NNP,1,7140,31383,5836,1
DPM-detected,2,JJ,1,7140,1,1,1
DPM-detected bounding,10,JJ,1,7140,1,1,1
Das,2,NNP,1,7140,2065869,255291,1
DeeperCut pose,10,NNP,1,7140,1,1,1
Deeply-learned representations,10,NNP,1,7140,1,1,1
Despite,2,IN,1,7140,12824955,1777696,1
Discussions,2,NNS,1,7140,6525584,1452029,1
Dropout,2,NNP,1,7140,309454,109232,1
Duke,2,NNP,1,7140,9988389,883101,1
DukeMTMC-reID dataset,10,NNP,1,7140,1,1,1
DukeMTMC-reID manifests,10,JJ,1,7140,1,1,1
Employing,2,VBG,1,7140,2815527,1011523,1
Employing part-level,10,JJ,1,7140,1,1,1
Experiment,2,NNP,1,7140,12183574,1602570,1
Experiment confirms,10,NNP,1,7140,2707,2558,1
ExperimentsDatasets,2,NNP,1,7140,1,1,1
Finally,2,NNP,1,7140,30122661,2675215,1
GAN,2,NNP,1,7140,355655,106192,1
GAP denotes,10,NNP,1,7140,62,62,1
GAP layer,10,NNP,1,7140,428,199,1
GPUs,2,NNP,1,7140,2976,451,1
Gheissari,2,NNP,1,7140,525,249,1
Google,2,NNP,1,7140,533873,55515,1
Google Inception,10,NNP,1,7140,1,1,1
Gray,2,NNP,1,7140,12183386,1394111,1
HSV,2,NNP,1,7140,276651,15328,1
HSV histograms,10,NNP,1,7140,1,1,1
Hand-crafted,2,JJ,1,7140,18380,13755,1
Hydra-plus,2,NNP,1,7140,1,1,1
HydraPlus,2,NNP,1,7140,1,1,1
IDE achieves,10,VBZ,1,7140,1,1,1
ImageNet,2,NNP,1,7140,1,1,1
Implementation,2,NNP,1,7140,6093369,580045,1
Implementation detailsImplementation,10,NNP,1,7140,1,1,1
Important,2,NNP,1,7140,106469653,3081755,1
Important Parameters,10,NNP,1,7140,39836,29081,1
Importantly,2,NNP,1,7140,1972086,753121,1
Inception,2,NNP,1,7140,991709,509594,1
Inconsistency,2,NNP,1,7140,1040836,495888,1
Induced Training,10,NNP,1,7140,61,59,1
Induced training,10,NNP,1,7140,61,59,1
Induction,2,NNP,1,7140,3586706,425641,1
Introduction,2,NNP,1,7140,11755348,2037110,1
Intuitively,2,RB,1,7140,642956,341785,1
KLFDA,2,NNP,1,7140,1,1,1
Layers,2,NNP,1,7140,6745873,979691,1
Liang,2,NNP,1,7140,436190,59495,1
Liang Zheng,10,NNP,1,7140,1,1,1
Liu,2,NNP,1,7140,1296947,142372,1
Loss,2,NNP,1,7140,37661378,2603383,1
Mechanism,2,NNP,1,7140,10936558,1211722,1
Methods,2,NNP,1,7140,33865257,2192294,1
Moreover,2,RB,1,7140,13930031,1543142,1
Motivation,2,NNP,1,7140,4669389,833048,1
MultiLoss,2,NNP,1,7140,1,1,1
MultiRegion,2,NNP,1,7140,1645,884,1
NVIDIA,2,NNP,1,7140,6723,1215,1
NVIDIA TITAN,10,NNP,1,7140,1,1,1
Normalization,2,NNP,1,7140,529526,125691,1
Note,2,NNP,1,7140,37401375,2731620,1
Outliers,2,NNS,1,7140,186477,44698,1
PAN,2,NNP,1,7140,4880441,863113,1
PAR aims,10,NNP,1,7140,1,1,1
PAR learns,10,NNP,1,7140,1,1,1
PAR trains,10,NNP,1,7140,1,1,1
PCB,2,JJ,1,7140,284675,25571,1
PCB achieves,10,NNP,1,7140,1,1,1
PCB advances,10,NNPS,1,7140,1,1,1
PCB benefits,10,NNP,1,7140,1,1,1
PCB considerably,10,RB,1,7140,1,1,1
PCB cooperating,10,NNP,1,7140,1,1,1
PCB especially,10,NNP,1,7140,1,1,1
PCB exceeds,10,NNP,1,7140,1,1,1
PCB fixed,10,NNP,1,7140,1,1,1
PCB follows,10,NNP,1,7140,1,1,1
PCB inputs,10,NNP,1,7140,96,51,1
PCB partitions,10,NNP,1,7140,1,1,1
PCB pre-trained,10,JJ,1,7140,1,1,1
PCB pre-training,10,NNP,1,7140,1,1,1
PCB replaces,10,NNS,1,7140,1,1,1
PCB requires,10,NNP,1,7140,1,1,1
PCB surpasses,10,VBZ,1,7140,1,1,1
PCB takes,10,NNP,1,7140,1,1,1
PCB training,10,VBG,1,7140,1,1,1
PCB using,10,VBG,1,7140,266,176,1
PCBBackbone,2,NNP,1,7140,1,1,1
PCBBackbone network,10,NNP,1,7140,1,1,1
Parameters Analysis,10,NNP,1,7140,129,106,1
PartLoss,2,NNP,1,7140,1,1,1
Partition,2,NNP,1,7140,2649459,533247,1
Partition strategies,10,NNPS,1,7140,69,53,1
Partitioned,2,VBD,1,7140,442055,202435,1
Partitioned,2,VBN,1,7140,442055,202435,1
Partitioned parts,10,NNP,1,7140,134,120,1
Partitioned results,10,NNP,1,7140,1,1,1
Performance evaluation,10,NNP,1,7140,133396,41307,1
Pooling,2,VBG,1,7140,519592,192779,1
Potential,2,NNP,1,7140,28939732,1789089,1
Potential Alternative,10,NNP,1,7140,9258,8309,1
Presently,2,NNP,1,7140,4948633,1127904,1
Pytorch,2,NNP,1,7140,1,1,1
R-FCN,2,NNP,1,7140,1,1,1
RPP,2,VBD,1,7140,28107,3478,1
RPP aims,10,NNP,1,7140,1,1,1
RPP allows,10,NNP,1,7140,1,1,1
RPP brings,10,NNP,1,7140,1,1,1
RPP firstly,10,NNP,1,7140,1,1,1
RPP re-assigns,10,JJ,1,7140,1,1,1
ReLU,2,NNP,1,7140,1476,1253,1
Recent,2,JJ,1,7140,26677458,2458978,1
Recent state-of-the-art,10,JJ,1,7140,1,1,1
Related,2,VBN,1,7140,38694793,2452726,1
Relocating,2,VBG,1,7140,146577,102242,1
Relocating Outliers,10,NNPS,1,7140,1,1,1
Relying,2,VBG,1,7140,1571934,773953,1
ResNet,2,NNP,1,7140,1,1,1
ResNet DBLP,10,NNP,1,7140,1,1,1
Results,2,NNP,1,7140,55717697,2569241,1
Retrieval,2,NNP,1,7140,1981566,871205,1
SSD,2,NNP,1,7140,51347,7547,1
SSD DBLP,10,NNP,1,7140,1,1,1
SVDNet,2,NNP,1,7140,1,1,1
San,2,NNP,1,7140,27248478,1633923,1
San Antonio,10,NNP,1,7140,1671721,267823,1
Section,2,NN,1,7140,46534382,2407259,1
Semantic,2,JJ,1,7140,1858280,213708,1
Semantic partitions,10,NNP,1,7140,1,1,1
SettingsDatasets,2,NNP,1,7140,1,1,1
Shengjin,2,NNP,1,7140,310,178,1
Shengjin Wang,10,NNP,1,7140,1,1,1
Similar,2,JJ,1,7140,53743968,2777375,1
Similar partitions,10,NNP,1,7140,207,203,1
Softmax activation,10,NNP,1,7140,179,45,1
Softmax function,10,NNP,1,7140,182,94,1
Softmax layer,10,NNP,1,7140,1,1,1
Softmax loss,10,NNP,1,7140,1,1,1
Structures,2,NNP,1,7140,15573961,1388777,1
Sun,2,NNP,1,7140,28003975,2125963,1
Sydney,2,NNP,1,7140,2215710,500901,1
TITAN,2,NNP,1,7140,373604,115763,1
Tao,2,NNP,1,7140,620010,84852,1
Technology,2,NNP,1,7140,16692075,1061659,1
Technology Sydney,10,NNP,1,7140,910,486,1
Texas,2,NNP,1,7140,17102362,1188993,1
Tian,2,NNP,1,7140,119854,22938,1
Training,2,VBG,1,7140,30107622,2015527,1
Training process,10,NNP,1,7140,51882,29211,1
Transfer,2,NNP,1,7140,16829914,1596168,1
Triplet,2,NNP,1,7140,438485,75310,1
Triplet Loss,10,NNP,1,7140,1,1,1
Using,2,NNP,1,7140,62112299,2792556,1
Variant,2,VBP,1,7140,2031423,515961,1
WARCA,2,NNP,1,7140,1,1,1
Wang,2,NNP,1,7140,2440565,270717,1
Within-Part,2,NNP,1,7140,1,1,1
Within-Part Inconsistency,10,NNP,1,7140,1,1,1
Working,2,VBG,1,7140,45273668,2817529,1
Working mechanism,10,NNP,1,7140,4537,4004,1
Yang,2,NNP,1,7140,1251535,161182,1
Yao,2,NNP,1,7140,296310,51982,1
Yifan,2,NNP,1,7140,892,429,1
Yifan Sun,10,NNP,1,7140,1,1,1
Zheng,2,NNP,1,7140,165806,30203,1
abandon,2,JJ,1,7140,4070067,1362539,1
abandon,2,VBZ,1,7140,4070067,1362539,1
abandon cues,10,NNS,1,7140,1,1,1
ablation,2,NN,1,7140,396108,44428,1
ablation experiment,10,JJ,1,7140,177,148,1
accessed,2,JJ,1,7140,1515498,226955,1
accessed,2,VBD,1,7140,1515498,226955,1
accompanying,2,VBG,1,7140,4056018,1326132,1
accordingly,2,RB,1,7140,5935500,1437918,1
accuracy,2,JJ,1,7140,7649950,1485528,1
accuracy characterizes,10,VBZ,1,7140,62,62,1
accuracy improves,10,VBZ,1,7140,2160,1992,1
accuracy increase,10,VB,1,7140,419,380,1
accurately,2,RB,1,7140,5419386,1599089,1
accurately located,10,VBN,1,7140,10544,8852,1
achieve competitive,10,JJ,1,7140,5791,3802,1
achieved,2,VBN,1,7140,12266754,1870248,1
achieved impressive,10,JJ,1,7140,3359,3209,1
achieves competitive,10,JJ,1,7140,190,172,1
achieves slightly,10,RB,1,7140,148,143,1
achieves substantial,10,JJ,1,7140,531,510,1
activation,2,NN,1,7140,3658211,228340,1
activations viewed,10,VBD,1,7140,1,1,1
actually,2,RB,1,7140,32871581,2693839,1
actually compromises,10,NNS,1,7140,167,165,1
adaptive partition,10,NN,1,7140,1,1,1
adaptive pooling,10,VBG,1,7140,1,1,1
added,2,VBD,1,7140,39273630,2843850,1
addition,2,NN,1,7140,40551293,2606665,1
adopt,2,JJ,1,7140,5951427,1503832,1
adopted,2,VBD,1,7140,16934584,2054707,1
adopts exactly,10,RB,1,7140,256,256,1
advances,2,VBZ,1,7140,4607347,1348274,1
advantage,2,NN,1,7140,21490020,2494760,1
advantages,2,NNS,1,7140,10052873,1741617,1
aggregate,2,NN,1,7140,4482233,683870,1
aggregated,2,VBD,1,7140,535613,194907,1
aim,2,NN,1,7140,8829652,1894843,1
aims,2,VBZ,1,7140,4346238,1113308,1
algorithms,2,JJ,1,7140,1760779,132997,1
align,2,JJ,1,7140,709995,292274,1
align,2,NN,1,7140,709995,292274,1
align parts,10,NNS,1,7140,327,290,1
align parts,10,VBZ,1,7140,327,290,1
aligned,2,VBN,1,7140,1386751,477694,1
aligned parts,10,NNS,1,7140,180,154,1
alignment,2,NN,1,7140,1972677,424597,1
alignment,2,VBP,1,7140,1972677,424597,1
allowed,2,VBN,1,7140,28687065,2689219,1
allowing,2,VBG,1,7140,8109419,1937273,1
allows,2,VBZ,1,7140,12600414,1703086,1
allows PCB,10,VBZ,1,7140,1,1,1
already-learned,2,JJ,1,7140,1,1,1
analyze,2,NN,1,7140,3796392,1051872,1
applications,2,NNS,1,7140,12734354,1168599,1
apply,2,NN,1,7140,19037331,2238631,1
apply,2,VBP,1,7140,19037331,2238631,1
apply HSV,10,VBP,1,7140,1,1,1
apply dropout,10,IN,1,7140,1,1,1
applying,2,VBG,1,7140,6030862,1492586,1
applying Dropout,10,IN,1,7140,1,1,1
approaches,2,NNS,1,7140,10368654,1627492,1
arrive,2,JJ,1,7140,7024488,1902769,1
assembled,2,VBD,1,7140,5583365,1414688,1
assembles,2,VBZ,1,7140,173954,129542,1
assembles part-informed,10,JJ,1,7140,1,1,1
assistance,2,NN,1,7140,14607200,2023137,1
attention mechanism,10,VBP,1,7140,1671,888,1
attention mechanisms,10,POS,1,7140,1162,820,1
attention mechanisms,10,RP,1,7140,1162,820,1
attention method,10,NN,1,7140,1,1,1
attentive,2,JJ,1,7140,1567348,745069,1
attentive parts,10,NNS,1,7140,1,1,1
augmentation,2,NN,1,7140,499931,170876,1
augmented,2,VBN,1,7140,1453686,601940,1
average,2,NN,1,7140,34177842,2221505,1
average-pooled,2,JJ,1,7140,1,1,1
average-pooled column,10,JJ,1,7140,1,1,1
avoids,2,VBZ,1,7140,1239600,651549,1
avoids over-fitting,10,JJ,1,7140,1,1,1
axis,2,JJ,1,7140,10610933,720759,1
backbone model,10,VBN,1,7140,211,132,1
background,2,NN,1,7140,14325349,2051027,1
balance,2,VB,1,7140,20121415,2239176,1
base,2,NN,1,7140,31323648,2431447,1
base,2,VBP,1,7140,31323648,2431447,1
baseline,2,JJ,1,7140,1669593,242637,1
batch,2,NN,1,7140,1725234,422913,1
batch size,10,VB,1,7140,18436,5220,1
becomes similar,10,JJ,1,7140,7221,6850,1
bells,2,NNS,1,7140,2752605,835377,1
benchmarks,2,NNS,1,7140,229183,79913,1
bias,2,VBP,1,7140,4620061,871186,1
bit,2,NN,1,7140,22971616,2109026,1
bit higher,10,JJR,1,7140,34929,31416,1
boost,2,NN,1,7140,1120599,467695,1
boosting,2,VBG,1,7140,222803,132565,1
bounding,2,NN,1,7140,708049,329786,1
bounding boxes,10,NNS,1,7140,7290,2067,1
boxes,2,NNS,1,7140,5767112,1291237,1
branches,2,NNS,1,7140,12141853,1812846,1
branches,2,VBZ,1,7140,12141853,1812846,1
brings,2,VBZ,1,7140,9707549,2156214,1
camera network,10,NN,1,7140,470,212,1
camera viewpoints,10,NNS,1,7140,471,343,1
cameras,2,JJ,1,7140,1834291,426735,1
cameras,2,NNS,1,7140,1834291,426735,1
cancellation,2,NN,1,7140,891890,260105,1
canonical,2,JJ,1,7140,1302652,231144,1
canonical classification,10,NN,1,7140,92,84,1
capture,2,NN,1,7140,6519731,1373629,1
capture spatial,10,JJ,1,7140,270,234,1
captured,2,VBD,1,7140,7189627,1367474,1
categorize,2,NN,1,7140,350417,217417,1
categorize inherently,10,RB,1,7140,1,1,1
categorized,2,VBD,1,7140,733786,353710,1
categorized,2,VBN,1,7140,733786,353710,1
caused,2,VBD,1,7140,26058317,2557486,1
challenging matches,10,NNS,1,7140,48,48,1
challenging re-ID,10,JJ,1,7140,1,1,1
channel,2,NNS,1,7140,9183822,1251445,1
channel axis,10,JJ,1,7140,3532,1307,1
characterizes,2,VBZ,1,7140,1345488,615355,1
classification loss,10,NN,1,7140,104,49,1
classification model,10,NN,1,7140,7289,2699,1
classification net,10,NN,1,7140,1,1,1
classification network,10,NN,1,7140,313,185,1
classifier,2,VBP,1,7140,209574,24754,1
classifier predicts,10,NNS,1,7140,94,77,1
classifier predicts,10,VBZ,1,7140,94,77,1
classifier trainable,10,JJ,1,7140,1,1,1
classifierStep,2,NN,1,7140,1,1,1
classify,2,JJ,1,7140,1402781,627159,1
clearly,2,RB,1,7140,29138298,2647513,1
clearly observe,10,JJ,1,7140,3990,3776,1
closer,2,VBP,1,7140,11564018,2238728,1
cluster,2,NN,1,7140,3785507,854112,1
clustered,2,VBN,1,7140,1052081,491163,1
coarsely,2,RB,1,7140,581828,146544,1
coarsely partitioned,10,VBN,1,7140,1,1,1
collapse,2,NN,1,7140,4228583,1084576,1
column,2,JJ,1,7140,15425069,1491744,1
column,2,VBP,1,7140,15425069,1491744,1
com,2,NN,1,7140,3882019,1179437,1
combine,2,NN,1,7140,4973615,1443984,1
comparison,2,VBP,1,7140,14568027,2097098,1
comparison,2,VBZ,1,7140,14568027,2097098,1
competitive accuracy,10,NN,1,7140,45,43,1
competitive performance,10,NN,1,7140,10537,6633,1
competitive results,10,NNS,1,7140,2134,1487,1
competitors,2,NNS,1,7140,2837334,636951,1
competitors DBLP,10,JJ,1,7140,1,1,1
complete,2,JJ,1,7140,41202946,2932601,1
complicated,2,VBD,1,7140,8439147,1878110,1
complicated training,10,VBG,1,7140,477,470,1
compromises,2,VBZ,1,7140,763629,409865,1
computing,2,VBG,1,7140,2709641,407557,1
computing efficiency,10,NN,1,7140,972,848,1
concatenates,2,NNS,1,7140,11169,6767,1
concise,2,JJ,1,7140,1147155,592323,1
concise architecture,10,NN,1,7140,1,1,1
concluded,2,VBD,1,7140,10900303,1779188,1
condition,2,NN,1,7140,40475540,2619659,1
conducts,2,VBZ,1,7140,891460,439218,1
conducts partition,10,VBP,1,7140,1,1,1
conducts uniform,10,NN,1,7140,1,1,1
confidence,2,NN,1,7140,15797861,2154331,1
confirms,2,VBZ,1,7140,1479335,724858,1
connected,2,VBN,1,7140,18331779,2257578,1
consider,2,VB,1,7140,31496422,2655656,1
considerable,2,JJ,1,7140,23941366,2246253,1
considerable improvement,10,NN,1,7140,69185,58770,1
considerably improve,10,NN,1,7140,5097,4881,1
considerably increases,10,VBZ,1,7140,8016,7166,1
consideration,2,JJ,1,7140,18867941,2211617,1
consideration,2,NN,1,7140,18867941,2211617,1
consisting,2,VBG,1,7140,7107831,1534001,1
constraints,2,NNS,1,7140,4436567,644516,1
consumes,2,VBP,1,7140,553731,329852,1
contains,2,NNS,1,7140,23078500,2153034,1
content,2,NN,1,7140,25261481,2356673,1
content consistency,10,NN,1,7140,187,146,1
contrast,2,NN,1,7140,19444573,2094305,1
contribution,2,NN,1,7140,9518530,1628687,1
conv-layer,2,NN,1,7140,1,1,1
conventional average,10,NN,1,7140,408,354,1
conventional pooling,10,VBG,1,7140,1,1,1
converge,2,NN,1,7140,1020431,417843,1
convergence,2,JJ,1,7140,2177535,359597,1
converges,2,NNS,1,7140,700790,106534,1
convincing,2,VBG,1,7140,3092225,1227982,1
convincing superiority,10,NN,1,7140,132,132,1
convolutional baseline,10,JJ,1,7140,1,1,1
convolutional feature,10,NN,1,7140,1,1,1
convolutional layers,10,NNS,1,7140,1,1,1
cooperate,2,NN,1,7140,2052198,729604,1
cooperating,2,VBG,1,7140,668373,336460,1
cooperating attention,10,NN,1,7140,1,1,1
coordinates,2,NNS,1,7140,3332921,352635,1
correct,2,JJ,1,7140,20336941,2416738,1
correct within-part,10,JJ,1,7140,1,1,1
corresponding papers,10,NNS,1,7140,369,337,1
corresponding probability,10,NN,1,7140,12866,8164,1
correspondingly,2,RB,1,7140,941319,472225,1
cosine,2,JJ,1,7140,494085,76593,1
cosine distance,10,NN,1,7140,304,142,1
cost added,10,VBD,1,7140,2546,2052,1
critical,2,JJ,1,7140,22530056,2130775,1
cropped,2,VBD,1,7140,506150,310298,1
cube,2,JJ,1,7140,1596959,319860,1
data,2,NNS,1,7140,73939982,1733103,1
data augmentation,10,NN,1,7140,2943,577,1
database,2,NN,1,7140,6660448,272584,1
dataset,2,VBP,1,7140,224412,23079,1
dataset contains,10,VBZ,1,7140,2144,1243,1
datasets,2,VBZ,1,7140,109516,17461,1
datasets bias,10,JJ,1,7140,1,1,1
datasets increases,10,VBZ,1,7140,1,1,1
decayed,2,VBN,1,7140,715113,372269,1
decide,2,JJ,1,7140,11994805,2171197,1
decreases,2,NNS,1,7140,4287168,672297,1
decreasing,2,VBG,1,7140,2887880,783573,1
deep,2,RB,1,7140,36516236,2690118,1
deep,2,VBD,1,7140,36516236,2690118,1
deep,2,VBZ,1,7140,36516236,2690118,1
deep learning,10,NN,1,7140,15099,10980,1
deep object,10,JJ,1,7140,724,404,1
deep re-ID,10,JJ,1,7140,1,1,1
deeply-learned,2,JJ,1,7140,1,1,1
define,2,NN,1,7140,10247176,1572617,1
deliberately,2,RB,1,7140,4288030,1362644,1
deliberately align,10,NN,1,7140,66,64,1
demonstrate,2,VBP,1,7140,7522695,1530085,1
demonstrate experimentally,10,RB,1,7140,3154,2957,1
denoted,2,VBN,1,7140,1811713,392215,1
denoted simply,10,VBZ,1,7140,3933,3448,1
denotes,2,NNS,1,7140,2496710,523861,1
denotes global,10,JJ,1,7140,1,1,1
describe,2,NN,1,7140,14921669,2247815,1
described,2,VBD,1,7140,43834932,2650403,1
described,2,VBN,1,7140,43834932,2650403,1
describes,2,VBZ,1,7140,10069432,1722606,1
description,2,NN,1,7140,19814117,2309868,1
description offers,10,NNS,1,7140,1090,1064,1
descriptor consisting,10,VBG,1,7140,1,1,1
design,2,NN,1,7140,33966430,2164193,1
designated,2,VBD,1,7140,6737354,1426392,1
designed,2,VBN,1,7140,21971500,2269372,1
detailed,2,VBD,1,7140,12203155,1955898,1
detailsImplementation,2,NN,1,7140,1,1,1
detected,2,VBN,1,7140,5049443,1058317,1
detection methods,10,NNS,1,7140,34645,17455,1
detections,2,NNS,1,7140,34374,11807,1
determined,2,VBD,1,7140,32568065,2656789,1
determines,2,VBP,1,7140,4443208,1110510,1
developed,2,VBD,1,7140,38275015,2544309,1
developed approaches,10,NNS,1,7140,2498,2396,1
difference,2,NN,1,7140,36980441,2757616,1
differs,2,NNS,1,7140,4344658,1225652,1
differs significantly,10,RB,1,7140,61774,51307,1
dimension reduction,10,NN,1,7140,3944,1470,1
dimensional,2,JJ,1,7140,5612131,581588,1
dimensional feature,10,NN,1,7140,5569,2213,1
directly learning,10,NN,1,7140,190,184,1
directly locate,10,NN,1,7140,293,272,1
directly utilizing,10,VBG,1,7140,490,487,1
discovery,2,NN,1,7140,10644431,1786708,1
discriminate,2,VBP,1,7140,1234770,497832,1
discriminative,2,VBP,1,7140,162638,46560,1
discriminative part-informed,10,JJ,1,7140,1,1,1
discriminative part-level,10,JJ,1,7140,1,1,1
discriminative parts,10,NNS,1,7140,1,1,1
dissimilar,2,JJ,1,7140,900761,489429,1
distance,2,NN,1,7140,33156615,2564640,1
divide,2,NN,1,7140,5689025,1569812,1
divided,2,VBD,1,7140,18643438,2394322,1
dominate,2,VBP,1,7140,2360125,911125,1
dominated,2,VBD,1,7140,5276372,1209472,1
down-sample operation,10,NN,1,7140,1,1,1
down-sampling,2,NN,1,7140,1,1,1
down-sampling operation,10,NN,1,7140,1,1,1
drawn,2,VBN,1,7140,22573351,2639352,1
driven,2,VBN,1,7140,11778892,2087719,1
dropout ratio,10,NN,1,7140,192,120,1
easiest,2,JJS,1,7140,1657354,856240,1
easiest match,10,NN,1,7140,1,1,1
edu,2,IN,1,7140,172726,83059,1
effect,2,NN,1,7140,70500436,2820717,1
effectively,2,RB,1,7140,9076396,1604590,1
effectively avoids,10,VBD,1,7140,703,694,1
efficiency,2,NN,1,7140,11191879,1303034,1
efficiently,2,RB,1,7140,2380742,859642,1
efficiently enriches,10,VBZ,1,7140,1,1,1
embed,2,VBD,1,7140,187943,81868,1
empirically,2,RB,1,7140,920232,306902,1
employ,2,NN,1,7140,6323153,1581949,1
employ,2,VBZ,1,7140,6323153,1581949,1
employ pictorial,10,JJ,1,7140,112,112,1
employing,2,NN,1,7140,2815527,1011523,1
employing global,10,JJ,1,7140,161,140,1
employing refined,10,VBD,1,7140,102,102,1
employs attention,10,NN,1,7140,1,1,1
encouraging,2,VBG,1,7140,3858659,1390597,1
encouraging improvement,10,JJ,1,7140,1289,1251,1
enhanced within-part,10,JJ,1,7140,1,1,1
enhances,2,VBZ,1,7140,1020892,459845,1
enlarged,2,VBD,1,7140,4465901,1195907,1
enlarges,2,VBZ,1,7140,329455,208544,1
enriches,2,VBZ,1,7140,171531,140204,1
enumerate,2,VBP,1,7140,471544,307374,1
epochs,2,JJ,1,7140,506699,223218,1
epochs,2,VBP,1,7140,506699,223218,1
especially beneficial,10,JJ,1,7140,22979,19867,1
essential,2,JJ,1,7140,23599790,2328333,1
essential prerequisite,10,VBP,1,7140,33156,29023,1
estimation datasets,10,NNS,1,7140,1,1,1
estimation methods,10,NNS,1,7140,25756,11204,1
estimation pose,10,RB,1,7140,1,1,1
estimator,2,NN,1,7140,755212,44285,1
evaluate,2,NN,1,7140,5372726,954284,1
evaluates,2,NNS,1,7140,496924,228470,1
evaluation packages,10,NNS,1,7140,201,166,1
evidence,2,NN,1,7140,49716289,2451863,1
exampled,2,JJ,1,7140,6941,5394,1
exceeds,2,VBZ,1,7140,2923392,839455,1
exceeds ChenPerson,10,VBP,1,7140,1,1,1
exhaustively,2,RB,1,7140,230328,171414,1
exhaustively train,10,VB,1,7140,1,1,1
exist outliers,10,NNS,1,7140,1,1,1
existence,2,NN,1,7140,28234039,2366833,1
expects,2,VBZ,1,7140,1902047,887433,1
experiment,2,VBP,1,7140,12183574,1602570,1
experiment details,10,NNS,1,7140,113,88,1
experiment evaluates,10,VBZ,1,7140,167,149,1
experimentally validated,10,VBD,1,7140,2190,1812,1
experiments,2,NNS,1,7140,12280938,1217220,1
explain,2,NN,1,7140,19324627,2484806,1
explains,2,VBZ,1,7140,6282335,1528735,1
explicit constraints,10,NNS,1,7140,2014,1305,1
explicit supervisory,10,NN,1,7140,66,57,1
explicitly,2,RB,1,7140,4550684,913696,1
explicitly partition,10,NN,1,7140,48,45,1
extra,2,JJ,1,7140,11451447,2041841,1
extra data,10,JJ,1,7140,8477,6043,1
extract,2,VBP,1,7140,4528452,1045112,1
extract color,10,VBP,1,7140,576,440,1
extraction,2,NN,1,7140,2731523,500284,1
fast,2,VBP,1,7140,19198056,2478981,1
feature,2,JJ,1,7140,13118389,1939325,1
feature extraction,10,NN,1,7140,30131,5884,1
feature maps,10,NNS,1,7140,4197,1516,1
feature representation,10,NN,1,7140,1826,941,1
feature vector,10,NN,1,7140,20763,2752,1
featured,2,VBD,1,7140,2074676,646891,1
features generically,10,RB,1,7140,1,1,1
final performance,10,NN,1,7140,25917,18920,1
finding,2,VBG,1,7140,17074767,2502457,1
fine-grained information,10,JJ,1,7140,572,452,1
fine-grained spatial,10,JJ,1,7140,107,94,1
firstly explains,10,VBZ,1,7140,1,1,1
firstly trains,10,VBZ,1,7140,1,1,1
fixed-size,2,JJ,1,7140,1,1,1
fixed-size input,10,JJ,1,7140,1,1,1
flip,2,NN,1,7140,1279081,434210,1
fly,2,VBP,1,7140,9775532,1713888,1
focus,2,VBP,1,7140,18165462,1722746,1
forward,2,RB,1,7140,29409481,2600818,1
fully,2,RB,1,7140,24416000,2661607,1
fully connected,10,VBD,1,7140,14245,7315,1
fully-connected layer,10,JJ,1,7140,1,1,1
fully-connected layers,10,NNS,1,7140,1,1,1
function,2,NN,1,7140,53557898,2038564,1
gain,2,NN,1,7140,19750964,2371225,1
gains,2,NNS,1,7140,5902779,1241990,1
gains considerable,10,JJ,1,7140,2144,2095,1
gallery,2,NN,1,7140,3041067,691396,1
gallery,2,VBP,1,7140,3041067,691396,1
gap,2,NN,1,7140,6218535,1365676,1
generically,2,RB,1,7140,175491,112456,1
generically obtain,10,VBP,1,7140,1,1,1
global pooling,10,VBG,1,7140,1,1,1
gmail,2,NN,1,7140,20933,2211,1
gmail com,10,NN,1,7140,1,1,1
goal,2,NN,1,7140,15696945,1931917,1
goes,2,VBZ,1,7140,24936718,2708378,1
goes forward,10,JJ,1,7140,63184,52509,1
group DBLP,10,VBP,1,7140,1,1,1
groups accordingly,10,RB,1,7140,696,675,1
halved,2,VBN,1,7140,279226,136907,1
halved rate,10,NN,1,7140,1,1,1
halving,2,VBG,1,7140,73958,46766,1
hand-crafted,2,VBD,1,7140,18380,13755,1
hand-crafted competitors,10,NNS,1,7140,1,1,1
hand-labeled,2,JJ,1,7140,1,1,1
height,2,JJ,1,7140,14869321,2025045,1
hidden,2,VBD,1,7140,9587377,1963974,1
hidden fully-connected,10,JJ,1,7140,1,1,1
higher discriminative,10,JJ,1,7140,75,62,1
higher performance,10,NN,1,7140,43184,26939,1
histograms,2,NNS,1,7140,141009,36354,1
horizontal,2,VBP,1,7140,8364095,965827,1
horizontal flip,10,VBP,1,7140,645,363,1
horizontal stripe,10,JJ,1,7140,3943,2647,1
horizontal stripe,10,VBP,1,7140,3943,2647,1
ideal,2,JJ,1,7140,15046703,1946431,1
ideal semantic,10,JJ,1,7140,90,64,1
identities observed,10,VBD,1,7140,47,46,1
identity classification,10,NN,1,7140,147,103,1
identity classifiers,10,NNS,1,7140,1,1,1
ieeeegbib,2,VBZ,1,7140,1,1,1
illustrated,2,JJ,1,7140,10049875,1642647,1
image classification,10,NN,1,7140,5723,1467,1
image description,10,NN,1,7140,1743,802,1
image goes,10,VBZ,1,7140,2992,2806,1
image input,10,NN,1,7140,1891,1115,1
image size,10,VB,1,7140,50300,17397,1
image size,10,VBP,1,7140,50300,17397,1
images,2,VBZ,1,7140,13861248,1429442,1
images captured,10,VBD,1,7140,4836,3739,1
images detected,10,VBD,1,7140,179,160,1
images undergoes,10,NNS,1,7140,1,1,1
implement,2,JJ,1,7140,3830469,787731,1
implementation,2,NN,1,7140,6093369,580045,1
implemented,2,JJ,1,7140,3587253,617270,1
implemented IDE,10,NN,1,7140,1,1,1
implying within-part,10,JJ,1,7140,1,1,1
important parameters,10,NNS,1,7140,39836,29081,1
impressive,2,JJ,1,7140,4570951,1394527,1
impressive progress,10,NN,1,7140,7041,6547,1
improve,2,VB,1,7140,12264489,1944786,1
improve mAP,10,NN,1,7140,119,97,1
improvement DBLP,10,NN,1,7140,1,1,1
inappropriately,2,RB,1,7140,274685,178999,1
including,2,VBG,1,7140,53725719,2839140,1
inconsistency occurs,10,NNS,1,7140,1307,1184,1
inconsistency phenomenon,10,JJ,1,7140,1,1,1
incorrect,2,JJ,1,7140,2698009,837863,1
increased,2,VBD,1,7140,38975843,2440462,1
increased training,10,VBG,1,7140,7506,6333,1
incurs,2,VBZ,1,7140,227323,126901,1
incurs outliers,10,NNS,1,7140,1,1,1
indicate,2,VBP,1,7140,17998987,2182912,1
induce,2,NN,1,7140,4236288,1114377,1
induced,2,JJ,1,7140,10661031,1350730,1
induced,2,VBD,1,7140,10661031,1350730,1
inevitably,2,RB,1,7140,4214091,1284618,1
inevitably incurs,10,VBZ,1,7140,462,458,1
inferred,2,JJ,1,7140,1922356,668745,1
information increases,10,VBZ,1,7140,7876,7049,1
inherently similar,10,JJ,1,7140,653,588,1
inherited,2,VBD,1,7140,4117043,1208300,1
initialized,2,VBN,1,7140,239092,36865,1
input,2,JJ,1,7140,12507890,680178,1
input image,10,JJ,1,7140,23653,3780,1
input image,10,VBP,1,7140,23653,3780,1
input images,10,NNS,1,7140,5364,1750,1
inputs,2,VBZ,1,7140,3074991,285046,1
integrating,2,VBG,1,7140,1401154,472967,1
integration,2,NN,1,7140,7461130,810128,1
internally,2,RB,1,7140,1659361,616514,1
internally consistent,10,JJ,1,7140,60421,43192,1
interpretation,2,NN,1,7140,15176708,1672412,1
interval,2,JJ,1,7140,8657631,1119553,1
intuition,2,NN,1,7140,2158763,604849,1
ith,2,NN,1,7140,1050714,289528,1
kernel-sized,2,JJ,1,7140,1,1,1
kernel-sized convolutional,10,JJ,1,7140,1,1,1
key,2,NN,1,7140,25502210,2339912,1
key parameters,10,NNS,1,7140,22991,15676,1
knowledge learned,10,VBD,1,7140,7046,6268,1
labeling,2,NN,1,7140,1354742,336908,1
labeling information,10,VBP,1,7140,2880,2093,1
labels,2,NNS,1,7140,2706942,691853,1
lacks,2,VBZ,1,7140,2558031,990217,1
lacks explicit,10,JJ,1,7140,772,719,1
landmark,2,NN,1,7140,1104132,497471,1
landmark detection,10,NN,1,7140,233,106,1
larger computation,10,NN,1,7140,297,280,1
larger image,10,NN,1,7140,10760,8195,1
larger spatial,10,JJ,1,7140,5079,3545,1
latest progress,10,JJ,1,7140,1719,1659,1
latter,2,RBR,1,7140,38121254,2404234,1
layer,2,VBP,1,7140,13360448,1014655,1
layer parameters,10,NNS,1,7140,2529,1330,1
layer parameters,10,VBZ,1,7140,2529,1330,1
layer reduces,10,NNS,1,7140,1492,1405,1
layers,2,VBZ,1,7140,6745873,979691,1
layers designed,10,VBN,1,7140,218,208,1
layers inherited,10,VBD,1,7140,1,1,1
layers remain,10,NN,1,7140,2604,2442,1
lays,2,NNS,1,7140,1883026,844551,1
lays,2,VBZ,1,7140,1883026,844551,1
lays emphasis,10,NN,1,7140,9475,8424,1
lays emphasis,10,VBP,1,7140,9475,8424,1
lead,2,NN,1,7140,35607426,2837861,1
learn,2,VB,1,7140,28797056,2616695,1
learn,2,VBP,1,7140,28797056,2616695,1
learn part-level,10,JJ,1,7140,1,1,1
learned knowledge,10,NN,1,7140,6448,4898,1
learned layers,10,NNS,1,7140,1,1,1
learned part-level,10,JJ,1,7140,1,1,1
learning aligned,10,VBD,1,7140,63,58,1
learning offers,10,NNS,1,7140,2202,1866,1
learning rate,10,NN,1,7140,30465,8422,1
leaving,2,VBG,1,7140,21278581,2648585,1
legs,2,JJ,1,7140,13916124,1650107,1
level,2,NN,1,7140,65265218,2679698,1
leverage,2,NN,1,7140,1190289,347581,1
leverage external,10,JJ,1,7140,177,144,1
linear,2,JJ,1,7140,11614389,730698,1
linear layer,10,JJ,1,7140,602,190,1
literature,2,NN,1,7140,25429224,2098711,1
local,2,JJ,1,7140,53442145,2453461,1
local features,10,NNS,1,7140,14673,10353,1
locate,2,JJ,1,7140,3484602,1101659,1
locate,2,VB,1,7140,3484602,1101659,1
locate parts,10,NNS,1,7140,1134,1011,1
lower accuracy,10,NN,1,7140,4545,3811,1
mAP,2,NNP,1,7140,11842787,1459655,1
mAP,2,NNS,1,7140,11842787,1459655,1
mAP,2,VBD,1,7140,11842787,1459655,1
mAP,2,VBZ,1,7140,11842787,1459655,1
mAP DBLP,10,NN,1,7140,1,1,1
mAP achieved,10,VBD,1,7140,56,52,1
mAP decreases,10,NNS,1,7140,121,100,1
mAP indicates,10,NNS,1,7140,11161,9076,1
mails,2,VBZ,1,7140,760354,271169,1
mails tsinghua,10,NNP,1,7140,1,1,1
mainly caused,10,VBD,1,7140,18581,16103,1
mainly employs,10,VBZ,1,7140,335,326,1
maintained exactly,10,RB,1,7140,1288,1267,1
major,2,JJ,1,7140,48627834,2287915,1
major contribution,10,NN,1,7140,170377,131965,1
makes well-aligned,10,JJ,1,7140,1,1,1
manifests,2,NNS,1,7140,1102776,489993,1
manipulation considerably,10,RB,1,7140,1,1,1
maps,2,NNS,1,7140,5458421,929038,1
margin,2,VBP,1,7140,7043798,1075801,1
match,2,NN,1,7140,8580356,1838843,1
matrix,2,NN,1,7140,10320779,527649,1
matters,2,NNS,1,7140,20441486,2276693,1
max,2,VBP,1,7140,5885986,757530,1
max activations,10,NNS,1,7140,1,1,1
measuring,2,VBG,1,7140,5900334,1220998,1
measuring cosine,10,NN,1,7140,1,1,1
mechanism,2,VBP,1,7140,10936558,1211722,1
merit,2,VBZ,1,7140,5810340,1387398,1
method,2,JJ,1,7140,50665684,2393910,1
method conduct,10,NN,1,7140,1,1,1
method differs,10,NNS,1,7140,11418,10763,1
method employs,10,VBZ,1,7140,15544,13308,1
methods DBLP,10,JJ,1,7140,1,1,1
methods dominate,10,VBP,1,7140,485,478,1
methods dominated,10,VBN,1,7140,464,461,1
methods driven,10,RB,1,7140,78,72,1
methods vary,10,JJ,1,7140,12927,11969,1
minimizing,2,VBG,1,7140,947461,399880,1
minutes,2,NNS,1,7140,34109794,2220686,1
mode,2,NN,1,7140,15101523,1618217,1
model,2,NNP,1,7140,41672078,2101885,1
model learns,10,VBZ,1,7140,532,361,1
model specified,10,VBD,1,7140,5013,3599,1
model trained,10,VBD,1,7140,524,361,1
multiloss,2,NN,1,7140,1,1,1
network efficiently,10,RB,1,7140,431,383,1
network learns,10,VBZ,1,7140,2058,1214,1
network named,10,JJ,1,7140,643,559,1
network named,10,VBD,1,7140,643,559,1
noisy,2,NN,1,7140,1978545,871171,1
noisy pose,10,JJ,1,7140,1,1,1
normalization,2,NN,1,7140,529526,125691,1
note,2,NN,1,7140,37401375,2731620,1
object,2,JJ,1,7140,38372890,2352172,1
object detection,10,NN,1,7140,5221,1740,1
observation,2,NN,1,7140,12887490,1907136,1
observations,2,NNS,1,7140,11953372,1540456,1
observed,2,VBN,1,7140,30566709,2322066,1
obstacle,2,JJ,1,7140,2516765,1037492,1
obtain,2,VB,1,7140,21398638,2122934,1
obtain stronger,10,JJ,1,7140,1151,1112,1
occurs,2,VBZ,1,7140,21902269,1824190,1
off-the-shelf,2,JJ,1,7140,1,1,1
offer,2,VBP,1,7140,24800250,2595721,1
offer stable,10,JJ,1,7140,798,772,1
offers,2,VBZ,1,7140,12782231,2023649,1
offers fine-grained,10,JJ,1,7140,49,49,1
offers insights,10,NNS,1,7140,12590,11528,1
omitted unless,10,NN,1,7140,4541,4076,1
optimizations,2,NNS,1,7140,60565,15325,1
optimized,2,VBN,1,7140,478977,120862,1
optimized parameter,10,NN,1,7140,485,333,1
original average,10,NN,1,7140,1642,1372,1
original average,10,RP,1,7140,1642,1372,1
original down-sampling,10,JJ,1,7140,1,1,1
original global,10,JJ,1,7140,714,631,1
original global,10,RP,1,7140,714,631,1
original rate,10,JJ,1,7140,9153,7473,1
original uniform,10,JJ,1,7140,1582,1369,1
originally,2,RB,1,7140,10671808,2061708,1
originally adopts,10,MD,1,7140,1,1,1
originated,2,VBD,1,7140,3107351,1117577,1
outliers originated,10,VBN,1,7140,1,1,1
outliers suggests,10,NNS,1,7140,1,1,1
outperforms,2,VBZ,1,7140,33267,17350,1
outperforms PAR,10,VBP,1,7140,1,1,1
output dimension,10,NN,1,7140,697,415,1
over-fitting,2,JJ,1,7140,1,1,1
over-fitting,2,NN,1,7140,1,1,1
over-increased,2,JJ,1,7140,1,1,1
overall optimization,10,NN,1,7140,1450,1133,1
overall optimization,10,VBP,1,7140,1450,1133,1
p-category,2,JJ,1,7140,1,1,1
p-category,2,NN,1,7140,1,1,1
packages,2,NNS,1,7140,2565042,644203,1
packages provided,10,VBN,1,7140,1307,1170,1
paper lays,10,VBP,1,7140,562,548,1
paper mainly,10,RB,1,7140,1149,1090,1
paper makes,10,NNS,1,7140,13530,12565,1
paper uses,10,NNS,1,7140,7638,6308,1
papers,2,NNS,1,7140,15263409,1963266,1
parameter,2,NN,1,7140,5390719,285698,1
parameter settings,10,NNS,1,7140,16841,6851,1
parse,2,NN,1,7140,206505,53780,1
parsing,2,VBG,1,7140,242828,52396,1
parsing pedestrians,10,NNS,1,7140,1,1,1
part-classifier,2,JJ,1,7140,1,1,1
part-informed deep,10,JJ,1,7140,1,1,1
part-level column,10,JJ,1,7140,1,1,1
part-level deep,10,JJ,1,7140,1,1,1
particular,2,VBP,1,7140,59016401,2841449,1
partition induces,10,NNS,1,7140,135,113,1
partition inevitably,10,RB,1,7140,1,1,1
partition pedestrians,10,NNS,1,7140,1,1,1
partition strategy,10,IN,1,7140,256,167,1
partitioned,2,JJ,1,7140,442055,202435,1
partitioned,2,VBN,1,7140,442055,202435,1
partitioned inappropriately,10,RB,1,7140,1,1,1
partitioned parts,10,NNS,1,7140,134,120,1
partitioning,2,VBG,1,7140,500900,122639,1
partitioning tensor,10,NN,1,7140,1,1,1
parts learned,10,JJ,1,7140,298,262,1
parts offers,10,NNS,1,7140,358,355,1
parts repeat,10,JJ,1,7140,280,257,1
pedestrian image,10,NN,1,7140,74,68,1
pedestrian images,10,NNS,1,7140,86,76,1
pedestrian partition,10,NN,1,7140,1,1,1
pedestrian retrieval,10,JJ,1,7140,1,1,1
penalizes,2,VBZ,1,7140,41404,32466,1
performance achieved,10,VBD,1,7140,5767,4783,1
performance boost,10,NN,1,7140,3926,2651,1
performance increases,10,VBZ,1,7140,8072,6707,1
performance lead,10,VBP,1,7140,801,772,1
performance turns,10,NNS,1,7140,966,921,1
person-of-interest,2,RB,1,7140,1,1,1
perspective,2,NN,1,7140,12101538,1478820,1
phenomena,2,NN,1,7140,8829383,1083786,1
phenomena,2,VBZ,1,7140,8829383,1083786,1
phenomenon,2,VBP,1,7140,8570206,1436032,1
phenomenon accompanying,10,VBG,1,7140,1382,1313,1
pictorial,2,JJ,1,7140,1189706,348548,1
pictorial structure,10,NN,1,7140,3989,2183,1
platform,2,NN,1,7140,6083337,1185344,1
pooled,2,VBD,1,7140,566384,227517,1
pooled column,10,NN,1,7140,72,65,1
pooling achieves,10,NNS,1,7140,1,1,1
pooling conducts,10,NNS,1,7140,1,1,1
pooling described,10,VBN,1,7140,1,1,1
pooling layer,10,JJ,1,7140,1,1,1
pooling method,10,JJ,1,7140,3253,1114,1
pooling requires,10,NNS,1,7140,141,135,1
pose CPM,10,JJ,1,7140,1,1,1
pose CPM,10,NN,1,7140,1,1,1
pose detections,10,NNS,1,7140,1,1,1
pose estimation,10,VBP,1,7140,2198,432,1
pose estimator,10,JJ,1,7140,1,1,1
pre-defined,2,JJ,1,7140,24228,13514,1
pre-defined parts,10,NNS,1,7140,1,1,1
pre-partitioned,2,JJ,1,7140,1,1,1
pre-partitioned parts,10,NNS,1,7140,1,1,1
pre-training,2,JJ,1,7140,1,1,1
predict,2,NN,1,7140,3956517,1022249,1
predict,2,VBP,1,7140,3956517,1022249,1
predict incorrect,10,JJ,1,7140,64,62,1
predicted,2,VBD,1,7140,4871830,1173817,1
predicted,2,VBN,1,7140,4871830,1173817,1
prediction based,10,VBD,1,7140,14312,11865,1
prediction vector,10,NN,1,7140,540,176,1
predictions,2,NNS,1,7140,2480337,655557,1
preliminary,2,JJ,1,7140,5616149,1385482,1
preliminary experiment,10,NN,1,7140,12387,9403,1
prerequisite,2,JJ,1,7140,1074670,498628,1
prerequisite,2,NN,1,7140,1074670,498628,1
presented,2,VBD,1,7140,29932572,2580788,1
presently,2,RB,1,7140,4948633,1127904,1
presently maintained,10,VBD,1,7140,806,768,1
prior,2,JJ,1,7140,18300218,1960763,1
prior commonly,10,RB,1,7140,1,1,1
procedure instead,10,NN,1,7140,2774,2549,1
procedure matters,10,NNS,1,7140,199,173,1
procedure rewards,10,NNS,1,7140,1,1,1
progress pose,10,JJ,1,7140,1,1,1
proposal,2,NN,1,7140,7557203,1232937,1
propose,2,VBD,1,7140,3996270,1243122,1
proposed PCB,10,NN,1,7140,53,42,1
proposed RPP,10,JJ,1,7140,1,1,1
proposed induced,10,VBD,1,7140,1,1,1
proposed induction,10,VBP,1,7140,139,122,1
proposes,2,NNS,1,7140,1788397,711274,1
protocol proposed,10,VBD,1,7140,1049,805,1
provide,2,VBP,1,7140,47414515,2562450,1
provided,2,VBD,1,7140,43361769,2679713,1
provides,2,VBZ,1,7140,24331466,1981610,1
provides insights,10,NNS,1,7140,24372,21340,1
queries,2,NNS,1,7140,1152221,288172,1
query,2,NN,1,7140,2565725,400706,1
query person-of-interest,10,JJ,1,7140,1,1,1
random,2,JJ,1,7140,8675469,1234186,1
random train/test,10,VB,1,7140,3863,1924,1
rate achieves,10,NNS,1,7140,228,208,1
rate initialized,10,VBN,1,7140,1,1,1
ratio,2,NN,1,7140,16643203,1134085,1
ratio,2,VBP,1,7140,16643203,1134085,1
re-ID,2,NN,1,7140,1,1,1
re-ID benchmarks,10,JJ,1,7140,1,1,1
re-ID datasets,10,NNS,1,7140,1,1,1
re-ID employ,10,JJ,1,7140,1,1,1
re-ID research,10,JJ,1,7140,1,1,1
re-ID systems,10,JJ,1,7140,1,1,1
re-assigns,2,JJ,1,7140,1,1,1
re-identification,2,NN,1,7140,1,1,1
re-ranking algorithms,10,JJ,1,7140,1,1,1
reached,2,VBN,1,7140,34560948,2717630,1
reaching,2,VBG,1,7140,9265694,2161258,1
real-world,2,JJ,1,7140,1,1,1
real-world applications,10,NNS,1,7140,1,1,1
recent literature,10,NN,1,7140,102118,78201,1
recent works,10,VBZ,1,7140,88242,69623,1
recommend,2,NN,1,7140,4754151,1314581,1
recommend,2,VBP,1,7140,4754151,1314581,1
rectangle,2,JJ,1,7140,1651041,298233,1
rectangle instead,10,JJ,1,7140,641,614,1
reduce,2,VB,1,7140,15691280,1847438,1
reduces,2,NNS,1,7140,4360148,966622,1
reducing,2,VBG,1,7140,7094167,1365066,1
reduction,2,NN,1,7140,13683276,1331140,1
refined parts,10,VBP,1,7140,782,728,1
refined parts,10,VBZ,1,7140,782,728,1
refinement,2,NN,1,7140,1805385,742108,1
refines,2,NNS,1,7140,95429,76412,1
regardless,2,RB,1,7140,6288733,1528730,1
regions,2,NNS,1,7140,13589886,1505216,1
reinforced,2,VBD,1,7140,3479840,959176,1
relatively concise,10,NN,1,7140,1629,1515,1
relocated,2,VBD,1,7140,410169,217536,1
relocated,2,VBN,1,7140,410169,217536,1
relocating,2,VBG,1,7140,146577,102242,1
rely,2,JJ,1,7140,5493432,1543552,1
remain exactly,10,RB,1,7140,12490,11955,1
remain unchanged,10,VBD,1,7140,275261,186249,1
remedy,2,NN,1,7140,5761969,1177434,1
remove,2,VB,1,7140,12030566,2064595,1
removed,2,VBD,1,7140,21589467,2486856,1
removed,2,VBN,1,7140,21589467,2486856,1
removing,2,VBG,1,7140,4272490,1402994,1
repeat,2,NN,1,7140,6765185,1843038,1
replaces,2,NNS,1,7140,1058548,517949,1
replaces,2,VBZ,1,7140,1058548,517949,1
report encouraging,10,VBG,1,7140,732,709,1
report mAP,10,VBD,1,7140,91,80,1
reported,2,JJ,1,7140,31252081,2156991,1
reported results,10,NNS,1,7140,44351,32184,1
representation,2,NN,1,7140,12222759,1429035,1
representation assembled,10,VBD,1,7140,1,1,1
representations,2,NNS,1,7140,4006210,760850,1
representations provide,10,NN,1,7140,1615,1475,1
require,2,NN,1,7140,24820316,2334783,1
require,2,VBP,1,7140,24820316,2334783,1
require auxiliary,10,JJ,1,7140,1472,1348,1
required,2,VBN,1,7140,54281786,2670999,1
requiring auxiliary,10,JJ,1,7140,301,290,1
research,2,NN,1,7140,44618972,1998652,1
research community,10,NN,1,7140,67466,34968,1
reshape,2,NN,1,7140,217075,150440,1
reshaped,2,VBD,1,7140,185784,133344,1
resized,2,VBN,1,7140,53916,16288,1
respective loss,10,VBP,1,7140,419,389,1
respective supervision,10,NN,1,7140,115,99,1
result,2,JJ,1,7140,68380648,2849201,1
result,2,NN,1,7140,68380648,2849201,1
resulting,2,VBG,1,7140,14846389,1798207,1
results indicate,10,VBP,1,7140,277773,136115,1
results shown,10,VBZ,1,7140,106725,65396,1
rethink,2,VBP,1,7140,312264,202747,1
retrain,2,NN,1,7140,57196,44011,1
retrieval,2,VBZ,1,7140,1981566,871205,1
retrieval datasets,10,NNS,1,7140,1,1,1
retrieval performance,10,NN,1,7140,5067,1458,1
retrieval problem,10,JJ,1,7140,3538,1986,1
retrieval remains,10,NNS,1,7140,124,119,1
retrieval remains,10,VBZ,1,7140,124,119,1
retrieval task,10,NN,1,7140,2701,1408,1
retrieve,2,VBP,1,7140,1428132,524410,1
retrieving,2,VBG,1,7140,385057,191464,1
retrieving images,10,NNS,1,7140,852,563,1
rewards,2,NNS,1,7140,3400130,984830,1
rewards RPP,10,VBP,1,7140,1,1,1
risk,2,NN,1,7140,28778574,2041698,1
sampling weight,10,NN,1,7140,1086,420,1
sampling weight,10,VBD,1,7140,1086,420,1
section describes,10,VBP,1,7140,134169,72486,1
section firstly,10,RB,1,7140,53,47,1
semantic cues,10,VBP,1,7140,3255,1661,1
semantic partition,10,NN,1,7140,90,47,1
semi-supervised,2,JJ,1,7140,1,1,1
semi-supervised process,10,JJ,1,7140,1,1,1
sequential,2,JJ,1,7140,1640048,349117,1
sequential Softmax,10,NN,1,7140,1,1,1
serve,2,VBP,1,7140,24881414,2654950,1
settings,2,NNS,1,7140,5599449,754672,1
sharing weights,10,NNS,1,7140,1,1,1
significant,2,JJ,1,7140,32080655,2145213,1
significant advantage,10,NN,1,7140,55663,44939,1
significantly higher,10,JJR,1,7140,484133,194984,1
significantly lower,10,VBP,1,7140,305830,148840,1
significantly outperforms,10,NNS,1,7140,1118,840,1
similarities,2,NNS,1,7140,2369716,781525,1
similarities,2,VBZ,1,7140,2369716,781525,1
simple uniform,10,NN,1,7140,5307,4880,1
simplicity,2,JJ,1,7140,4953229,1388270,1
simply,2,RB,1,7140,40066056,2721865,1
single classification,10,NN,1,7140,7179,5653,1
single loss,10,NN,1,7140,7266,5986,1
single part-level,10,JJ,1,7140,1,1,1
single vector,10,NN,1,7140,13092,8331,1
single-query mode,10,JJ,1,7140,1,1,1
single-query setting,10,JJ,1,7140,1,1,1
size benefits,10,NNS,1,7140,195,171,1
sizes,2,NNS,1,7140,5249827,1085572,1
skipped,2,VBD,1,7140,649728,396047,1
slight,2,NN,1,7140,11481893,2104387,1
slight,2,VBD,1,7140,11481893,2104387,1
slightly higher,10,RB,1,7140,469418,284285,1
smaller,2,JJR,1,7140,20221313,2437545,1
smaller down-sampling,10,JJ,1,7140,1,1,1
solving,2,VBG,1,7140,5324553,943174,1
sophisticated,2,JJ,1,7140,4335844,1132148,1
sophisticated,2,VBD,1,7140,4335844,1132148,1
sophisticated pose,10,VBP,1,7140,324,308,1
sophisticated strategy,10,JJ,1,7140,2990,2727,1
spatial alignment,10,NN,1,7140,1046,752,1
spatial down-sample,10,JJ,1,7140,1,1,1
spatial information,10,NN,1,7140,38030,13649,1
spatial integration,10,NN,1,7140,5571,3427,1
spatial partition,10,NN,1,7140,262,154,1
spatial size,10,JJ,1,7140,1453,1085,1
spatially down-sample,10,JJ,1,7140,1,1,1
spatially partitioned,10,VBD,1,7140,96,85,1
specified,2,JJ,1,7140,10681298,1278072,1
specified,2,VBD,1,7140,10681298,1278072,1
specified,2,VBN,1,7140,10681298,1278072,1
specified horizontal,10,JJ,1,7140,567,500,1
specified pedestrian,10,JJ,1,7140,1,1,1
speculate,2,VBP,1,7140,1093142,630413,1
splits,2,NNS,1,7140,702625,347581,1
stable cues,10,NNS,1,7140,76,65,1
stable performance,10,NN,1,7140,4013,3051,1
stacked,2,VBN,1,7140,1094772,538196,1
stacked convolutional,10,JJ,1,7140,1,1,1
standard,2,NN,1,7140,32393249,2321502,1
standard PCB,10,JJ,1,7140,165,117,1
stronger,2,JJR,1,7140,8321294,2070196,1
stronger discriminative,10,JJ,1,7140,1,1,1
study,2,POS,1,7140,72619464,2794349,1
subscripts,2,NNS,1,7140,313015,92855,1
subsequent,2,JJ,1,7140,13828848,1912700,1
subsequent training,10,VBG,1,7140,5816,5257,1
substantial,2,JJ,1,7140,11782173,1718850,1
substantial improvement,10,NN,1,7140,58498,48020,1
success,2,NN,1,7140,31178437,2542226,1
sum,2,JJ,1,7140,18731511,2020761,1
summarized,2,VBN,1,7140,3420410,919918,1
supervised,2,VBD,1,7140,1413865,577507,1
supervision,2,NN,1,7140,4959181,1003803,1
supervisory,2,JJ,1,7140,1069798,243192,1
supervisory information,10,NN,1,7140,1101,548,1
surpasses,2,NNS,1,7140,436365,293356,1
surpasses,2,VBZ,1,7140,436365,293356,1
systems,2,NNS,1,7140,40336164,1848147,1
systems DBLP,10,NN,1,7140,1,1,1
takes,2,VBZ,1,7140,31135167,2819251,1
target,2,NN,1,7140,11134821,1263580,1
task,2,NN,1,7140,24042795,2430853,1
tested,2,VBD,1,7140,7598314,1514990,1
tested,2,VBN,1,7140,7598314,1514990,1
texture,2,NN,1,7140,3246314,730562,1
texture features,10,NNS,1,7140,3481,868,1
tian,2,JJ,1,7140,119854,22938,1
tian utsa,10,NN,1,7140,1,1,1
time-consuming,2,JJ,1,7140,649998,360804,1
torso,2,VBP,1,7140,684800,259219,1
total,2,JJ,1,7140,48721404,2528667,1
train,2,NN,1,7140,15828580,1989300,1
train,2,VBP,1,7140,15828580,1989300,1
train/test,2,JJ,1,7140,41399387,2369325,1
train/test splits,10,NNS,1,7140,135,122,1
trainable parameters,10,NNS,1,7140,1,1,1
trainable weight,10,JJ,1,7140,1,1,1
trained,2,VBN,1,7140,9477273,1858460,1
training,2,JJ,1,7140,30107622,2015527,1
training PCB,10,JJ,1,7140,1,1,1
training PCB,10,NN,1,7140,1,1,1
training methods,10,NNS,1,7140,60205,32692,1
training/testing protocol,10,JJ,1,7140,5164,3375,1
training/testing protocol,10,NN,1,7140,5164,3375,1
triangles,2,NNS,1,7140,1533469,292710,1
tsinghua,2,JJ,1,7140,23707,5159,1
tsinghua,2,NN,1,7140,23707,5159,1
tsinghua edu,10,JJ,1,7140,1,1,1
tsinghua edu,10,NN,1,7140,1,1,1
turns,2,VBZ,1,7140,12017491,2189542,1
two-fold,2,JJ,1,7140,1,1,1
unchanged,2,JJ,1,7140,2639026,981710,1
unchanged compared,10,JJ,1,7140,1258,1195,1
undergoes,2,JJ,1,7140,1089530,396983,1
underlying datasets,10,NNS,1,7140,1,1,1
underlying gap,10,JJ,1,7140,69,69,1
unless,2,IN,1,7140,26475753,2667039,1
unsupervised,2,JJ,1,7140,141973,78879,1
updated,2,JJ,1,7140,1730521,500504,1
usage,2,JJ,1,7140,5300366,1132238,1
uses,2,VBZ,1,7140,19678464,2205628,1
using attention,10,NN,1,7140,665,616,1
using external,10,JJ,1,7140,17087,13942,1
using refined,10,JJ,1,7140,1481,1411,1
using relatively,10,RB,1,7140,15126,14005,1
utilizes,2,NNS,1,7140,700444,328804,1
utilizing,2,VBG,1,7140,1650067,601621,1
utsa,2,JJ,1,7140,8688,1162,1
utsa edu,10,JJ,1,7140,1,1,1
validate,2,JJ,1,7140,662069,303243,1
validated,2,VBD,1,7140,698174,297232,1
values,2,NNS,1,7140,43367648,1811848,1
various,2,JJ,1,7140,61631730,2862263,1
various partition,10,NN,1,7140,466,409,1
vector belonging,10,VBG,1,7140,1489,878,1
vectors according,10,VBG,1,7140,1096,963,1
verified,2,VBD,1,7140,1951327,770691,1
viewed,2,VBN,1,7140,8601168,1644099,1
viewpoints,2,NNS,1,7140,763714,356174,1
visualization,2,NN,1,7140,853036,179803,1
visualized,2,VBN,1,7140,715143,282528,1
vital,2,JJ,1,7140,9351090,1801372,1
w/o,2,POS,1,7140,28905543,2021111,1
weight,2,JJ,1,7140,31388155,2481999,1
weight,2,NN,1,7140,31388155,2481999,1
weight,2,VBD,1,7140,31388155,2481999,1
weight matrix,10,JJ,1,7140,15582,3555,1
weights,2,NNS,1,7140,3898309,764389,1
well-aligned,2,JJ,1,7140,1,1,1
well-aligned parts,10,JJ,1,7140,1,1,1
wgsgj,2,NN,1,7140,1,1,1
wgsgj tsinghua,10,JJ,1,7140,1,1,1
whereas,2,NNS,1,7140,14112446,1761463,1
whistles,2,VBZ,1,7140,469431,285806,1
width,2,NNS,1,7140,7279629,908288,1
width ratio,10,VBP,1,7140,26158,10711,1
within-part consistency,10,JJ,1,7140,1,1,1
works DBLP,10,VBD,1,7140,1,1,1
works based,10,VBD,1,7140,23909,18309,1
works employ,10,NN,1,7140,2211,1958,1
works employ,10,VBP,1,7140,2211,1958,1
works share,10,VBP,1,7140,3191,3034,1
yang,2,NN,1,7140,1251535,161182,1
yee,2,NN,1,7140,142085,47604,1
yields higher,10,CC,1,7140,7138,6481,1
